City_ID,City,Country,Lat,Lng,Max Temp,Humidity,Cloudiness,Wind Speed,Current Description
0,Saint-Philippe,RE,-21.3585,55.7679,80.15,81,100,14.74,overcast clouds
1,Nieuw Nickerie,SR,5.95,-56.9833,79.56,83,87,10.65,overcast clouds
2,Ushuaia,AR,-54.8,-68.3,65.86,48,20,13.8,few clouds
3,Oro Valley,US,32.3909,-110.9665,67.41,17,0,1.99,clear sky
4,Vaini,TO,-21.2,-175.2,75.36,94,100,10.36,light rain
5,Dixon,US,38.4455,-121.8233,67.06,59,0,5.75,clear sky
6,Kapaa,US,22.0752,-159.319,75.52,77,75,1.99,broken clouds
7,Kutum,SD,14.2,24.6667,56.07,18,61,12.37,broken clouds
8,Mataura,NZ,-46.1927,168.8643,47.48,74,5,1.28,clear sky
9,Sept-Iles,CA,50.2001,-66.3821,6.06,59,40,7.0,scattered clouds
10,Albany,US,42.6001,-73.9662,28.47,52,57,1.99,broken clouds
11,Escanaba,US,45.7453,-87.0646,28.67,73,100,5.75,overcast clouds
12,Mezen,RU,65.8522,44.24,16.66,92,100,10.67,overcast clouds
13,Solnechnyy,RU,50.7214,136.6319,-5.91,99,97,2.37,overcast clouds
14,Bredasdorp,ZA,-34.5322,20.0403,67.32,73,0,6.91,clear sky
15,Tasiilaq,GL,65.6145,-37.6368,23.16,60,100,41.07,overcast clouds
16,Adrar,MR,20.5022,-10.0711,71.15,9,0,9.04,clear sky
17,Rikitea,PF,-23.1203,-134.9692,79.12,70,1,17.02,clear sky
18,Pangnirtung,CA,66.1451,-65.7125,-31.0,68,75,0.0,broken clouds
19,Sant Julia De Loria,AD,42.4625,1.4825,37.99,41,32,7.43,scattered clouds
20,Blairmore,CA,49.6,-114.4353,41.92,48,93,21.85,overcast clouds
21,Teahupoo,PF,-17.8333,-149.2667,80.53,76,67,21.9,light rain
22,Terre Haute,US,39.4667,-87.4139,38.57,57,0,1.01,clear sky
23,Zhanaozen,KZ,43.3,52.8,30.83,75,83,7.34,broken clouds
24,Butaritari,KI,3.0707,172.7902,81.61,77,48,16.08,light rain
25,Sitka,US,57.0531,-135.33,44.49,76,100,17.27,moderate rain
26,Anchorage,US,61.2181,-149.9003,27.63,90,0,1.99,clear sky
27,Bezhetsk,RU,57.7851,36.6965,15.66,96,90,7.02,overcast clouds
28,Punta Arenas,CL,-53.15,-70.9167,69.91,52,75,16.11,broken clouds
29,Torbay,CA,47.6666,-52.7314,16.57,80,75,16.11,broken clouds
30,Mathathane,BW,-22.2687,28.7495,73.02,59,0,16.26,clear sky
31,Chuy,UY,-33.6971,-53.4616,73.94,40,4,16.46,clear sky
32,La Ronge,CA,55.1001,-105.2842,3.45,78,100,10.36,overcast clouds
33,Mineral Wells,US,32.8085,-98.1128,56.32,35,0,4.61,clear sky
34,Katsuura,JP,35.1333,140.3,35.71,49,67,10.83,broken clouds
35,Wana,PK,32.2989,69.5725,42.33,80,13,2.01,few clouds
36,Grand Gaube,MU,-20.0064,57.6608,79.38,81,78,3.0,broken clouds
37,Buala,SB,-8.145,159.5921,80.94,84,100,8.97,light rain
38,Georgetown,MY,5.4112,100.3354,78.73,92,40,0.0,scattered clouds
39,Qui Nhon,VN,13.7667,109.2333,70.18,89,89,7.11,overcast clouds
40,Pisco,PE,-13.7,-76.2167,71.02,88,20,9.22,mist
41,Mahebourg,MU,-20.4081,57.7,79.25,89,40,9.22,scattered clouds
42,Andenes,NO,69.3143,16.1194,33.78,69,40,14.97,scattered clouds
43,Jiayuguan,CN,39.8167,98.3,10.18,97,80,4.47,broken clouds
44,Zabol,AF,32.25,67.25,35.78,50,0,11.05,clear sky
45,Ballina,AU,-28.8667,153.5667,64.36,96,75,8.05,broken clouds
46,Maine-Soroa,NE,13.2114,12.0241,66.49,15,1,8.28,clear sky
47,Busselton,AU,-33.65,115.3333,53.1,53,47,17.13,scattered clouds
48,Sao Gabriel Da Cachoeira,BR,-0.1303,-67.0892,85.8,70,40,6.91,scattered clouds
49,Pozo Colorado,PY,-23.4923,-58.7972,91.96,27,0,11.3,clear sky
50,Assiniboia,CA,49.6334,-105.9845,31.82,69,99,13.8,overcast clouds
51,Jamestown,US,42.097,-79.2353,35.53,35,0,8.01,clear sky
52,Huttwil,CH,47.115,7.8621,44.38,87,100,17.56,overcast clouds
53,Egvekinot,RU,66.3167,-179.1667,-13.95,82,1,7.76,clear sky
54,Wajima,JP,37.4,136.9,33.35,70,100,13.04,light snow
55,Policoro,IT,40.2115,16.6726,54.99,79,44,1.99,scattered clouds
56,Svetlyy,RU,54.675,20.1347,41.05,97,100,22.06,light rain
57,Hami,CN,42.8,93.45,26.08,34,16,11.3,few clouds
58,Wajid,SO,3.8093,43.2471,81.0,23,97,11.45,overcast clouds
59,Albufeira,PT,37.0882,-8.2503,60.64,77,0,4.83,clear sky
60,Tutoia,BR,-2.7619,-42.2744,87.78,77,37,11.3,scattered clouds
61,Savinskiy,RU,62.9342,40.1361,11.75,92,100,7.56,overcast clouds
62,Atuona,PF,-9.8,-139.0333,78.69,73,1,19.01,clear sky
63,Broome,US,42.2506,-75.833,31.01,63,0,4.0,clear sky
64,Cape Town,ZA,-33.9258,18.4232,68.11,76,20,1.14,few clouds
65,Port Alfred,ZA,-33.5906,26.891,74.66,83,73,21.32,broken clouds
66,Arraial Do Cabo,BR,-22.9661,-42.0278,87.76,65,0,14.97,clear sky
67,Codrington,AU,-38.2667,141.9667,56.34,80,0,8.7,clear sky
68,Hermanus,ZA,-34.4187,19.2345,67.89,92,9,7.09,clear sky
69,Khatanga,RU,71.9667,102.5,-18.26,98,99,8.63,overcast clouds
70,Thompson,CA,55.7435,-97.8558,-7.44,59,20,6.91,few clouds
71,Klaksvik,FO,62.2266,-6.589,34.72,57,89,36.91,overcast clouds
72,Nikolskoye,RU,59.7035,30.7861,35.87,94,100,12.01,light snow
73,Talnakh,RU,69.4865,88.3972,-26.81,98,54,2.28,broken clouds
74,Hay River,CA,60.8156,-115.7999,21.18,86,100,13.8,snow
75,Hithadhoo,MV,-0.6,73.0833,82.27,72,33,12.66,scattered clouds
76,Carutapera,BR,-1.195,-46.02,78.58,88,100,6.33,moderate rain
77,Barrow,US,71.2906,-156.7887,-23.78,69,20,13.8,haze
78,Hilo,US,19.7297,-155.09,75.25,91,100,5.75,moderate rain
79,Avarua,CK,-21.2078,-159.775,78.85,89,20,13.8,few clouds
80,The Valley,AI,18.217,-63.0578,77.14,73,75,14.97,broken clouds
81,Kahului,US,20.8947,-156.47,76.96,72,20,14.97,few clouds
82,San Patricio,US,28.017,-97.5169,65.16,58,23,5.86,few clouds
83,Maniitsoq,GL,65.4167,-52.9,3.83,72,100,13.27,overcast clouds
84,Zhuhai,CN,22.2769,113.5678,62.31,82,20,13.8,few clouds
85,Labuan,MY,5.2767,115.2417,79.16,83,20,5.01,few clouds
86,East London,ZA,-33.0153,27.9116,74.34,82,1,19.8,clear sky
87,Bluff,NZ,-46.6,168.3333,47.8,72,3,5.14,clear sky
88,Longyearbyen,SJ,78.2186,15.6401,19.24,63,20,11.5,few clouds
89,Cherskiy,RU,68.75,161.3,-31.25,100,22,1.92,few clouds
90,Tura,IN,25.5198,90.2201,51.55,81,0,3.04,clear sky
91,Qaanaaq,GL,77.484,-69.3632,-12.8,59,28,7.85,scattered clouds
92,Neiafu,TO,-18.65,-173.9833,79.48,94,100,4.61,light rain
93,Provideniya,RU,64.3833,-173.3,-6.21,85,2,3.33,clear sky
94,Hamilton,US,39.1834,-84.5333,40.86,58,0,1.99,clear sky
95,Buraydah,SA,26.326,43.975,55.85,39,0,4.94,clear sky
96,Kavieng,PG,-2.5744,150.7967,81.05,78,77,3.15,broken clouds
97,Russell,US,32.3502,-85.1999,56.97,51,62,6.96,broken clouds
98,Yerbogachen,RU,61.2767,108.0108,-8.0,100,100,1.97,overcast clouds
99,Oroville,US,39.5138,-121.5564,74.73,53,0,3.0,clear sky
100,Puri,IN,19.8,85.85,63.12,51,98,3.24,overcast clouds
101,Sao Filipe,CV,14.8961,-24.4956,73.11,73,0,9.69,clear sky
102,Lavrentiya,RU,65.5833,-171.0,-12.66,93,11,6.53,few clouds
103,Mokokchung,IN,26.3333,94.5333,39.56,91,1,3.24,clear sky
104,Sakakah,SA,29.9697,40.2064,49.57,52,1,7.52,clear sky
105,Berezovyy,RU,51.6667,135.7,1.54,98,100,1.77,overcast clouds
106,Carnarvon,AU,-24.8667,113.6333,75.27,69,100,24.16,overcast clouds
107,Bethel,US,41.3712,-73.414,30.29,56,0,1.01,clear sky
108,Khora,GR,37.05,21.7167,46.78,90,80,5.12,broken clouds
109,Kavaratti,IN,10.5669,72.642,78.08,68,35,10.85,scattered clouds
110,Ruwi,OM,23.5996,58.5507,71.29,56,0,11.3,clear sky
111,Boma,GH,7.0805,-2.1697,84.25,37,82,1.97,broken clouds
112,Pringsewu,ID,-5.3582,104.9744,71.94,97,100,1.45,light rain
113,Tiznit,MA,29.5833,-9.5,62.82,41,6,2.33,clear sky
114,Puerto Ayora,EC,-0.7393,-90.3518,82.36,84,53,8.01,broken clouds
115,Geraldton,AU,-28.7667,114.6,70.21,56,100,12.66,overcast clouds
116,Dakar,SN,14.6937,-17.4441,79.68,78,0,11.5,clear sky
117,Fortuna,US,40.5982,-124.1573,62.92,63,0,1.01,clear sky
118,Pontes E Lacerda,BR,-15.2261,-59.3353,80.44,75,97,7.61,overcast clouds
119,Ambon,ID,-3.6954,128.1814,75.34,94,40,5.75,scattered clouds
120,Hasaki,JP,35.7333,140.8333,25.2,43,1,21.45,clear sky
121,Port Hardy,CA,50.6996,-127.4199,46.76,76,100,17.27,overcast clouds
122,Hobart,AU,-42.8794,147.3294,53.06,87,20,9.22,few clouds
123,Kouango,CF,4.9934,19.9619,79.83,21,13,1.59,few clouds
124,Launceston,AU,-41.45,147.1667,56.84,76,100,5.75,overcast clouds
125,Saint-Vallier,FR,46.6411,4.3711,47.12,92,100,12.8,overcast clouds
126,Monrovia,LR,6.3005,-10.7969,80.37,81,5,9.28,clear sky
127,Alice Springs,AU,-23.7,133.8833,58.55,94,0,6.91,clear sky
128,Guerrero Negro,MX,27.9769,-114.0611,67.95,24,0,6.96,clear sky
129,Vestmannaeyjar,IS,63.4427,-20.2734,35.94,56,100,18.07,overcast clouds
130,Rawson,AR,-43.3002,-65.1023,75.43,34,6,15.93,clear sky
131,Ribeira Grande,PT,38.5167,-28.7,63.0,77,75,9.22,broken clouds
132,Camacha,PT,33.0833,-16.3333,58.53,63,40,17.27,scattered clouds
133,Roald,NO,62.5833,6.1333,39.9,81,75,13.8,broken clouds
134,Nisia Floresta,BR,-6.0911,-35.2086,86.81,63,4,11.7,clear sky
135,Deputatskiy,RU,69.3,139.9,-34.76,98,78,5.35,broken clouds
136,Lhokseumawe,ID,5.1801,97.1507,76.05,88,100,6.08,light rain
137,Chokurdakh,RU,70.6333,147.9167,-39.57,100,91,2.21,overcast clouds
138,Buta,CD,2.7858,24.73,72.63,30,56,2.59,broken clouds
139,Salinopolis,BR,-0.6136,-47.3561,78.98,87,100,8.3,moderate rain
140,Santa Maria,BR,-29.6842,-53.8069,79.9,44,75,8.05,broken clouds
141,Saint-Pierre,RE,-21.3393,55.4781,80.24,78,0,3.44,clear sky
142,College,US,64.8569,-147.8028,-1.71,79,100,3.44,light snow
143,Skjervoy,NO,70.0311,20.9714,32.18,67,96,17.72,overcast clouds
144,Prestea,GH,5.4327,-2.1428,79.88,73,73,6.33,broken clouds
145,Bengkulu,ID,-3.8004,102.2655,76.12,87,100,10.31,light rain
146,Muros,ES,42.7762,-9.0603,52.84,71,44,9.93,scattered clouds
147,Taltal,CL,-25.4,-70.4833,71.13,61,23,5.23,few clouds
148,Qaqortoq,GL,60.7167,-46.0333,7.3,72,100,3.49,overcast clouds
149,Bilma,NE,18.6853,12.9164,64.51,14,0,8.12,clear sky
150,Mar Del Plata,AR,-38.0023,-57.5575,68.09,85,75,3.0,mist
151,Tripoli,LY,32.8752,13.1875,58.96,80,97,10.69,overcast clouds
152,Lompoc,US,34.6391,-120.4579,77.56,39,0,3.44,clear sky
153,Patitirion,GR,39.15,23.8667,51.37,64,4,7.27,clear sky
154,Hofn,IS,64.2539,-15.2082,26.6,67,3,16.91,clear sky
155,Kruisfontein,ZA,-34.0033,24.7314,74.88,57,100,10.94,overcast clouds
156,Harer,ET,9.3094,42.1258,58.87,77,1,9.15,clear sky
157,Tuktoyaktuk,CA,69.4541,-133.0374,-23.8,76,75,17.27,light snow
158,Cidreira,BR,-30.1811,-50.2056,80.22,55,0,11.52,clear sky
159,Ostersund,SE,63.1792,14.6357,21.61,93,100,8.05,overcast clouds
160,Rosarito,MX,32.3333,-117.0333,78.58,23,0,6.73,clear sky
161,Sidi Ali,DZ,36.0998,0.4206,51.3,86,0,10.13,clear sky
162,Suifenhe,CN,44.4,131.1667,-3.15,94,32,5.28,scattered clouds
163,Severo-Kurilsk,RU,50.6789,156.125,29.57,85,100,17.02,light snow
164,Kieta,PG,-6.2167,155.6333,79.34,83,100,7.72,overcast clouds
165,Krasnoselkup,RU,65.7,82.4667,-20.33,100,25,7.74,scattered clouds
166,Visby,SE,57.6409,18.296,37.62,93,40,11.5,scattered clouds
167,New Norfolk,AU,-42.7826,147.0587,52.72,74,4,1.95,clear sky
168,Sabancuy,MX,18.9667,-91.1833,74.97,72,66,6.76,broken clouds
169,Upernavik,GL,72.7868,-56.1549,-13.32,98,100,8.5,overcast clouds
170,Port Antonio,JM,18.18,-76.4612,84.11,63,12,9.42,few clouds
171,Kaitangata,NZ,-46.2817,169.8464,50.94,80,5,0.27,clear sky
172,Westport,US,41.1415,-73.3579,32.29,59,92,1.01,overcast clouds
173,Peace River,CA,56.2501,-117.286,43.11,52,75,46.04,broken clouds
174,Dikson,RU,73.5069,80.5464,-20.13,99,93,10.4,overcast clouds
175,Namibe,AO,-15.1961,12.1522,74.86,69,100,12.57,overcast clouds
176,Ilhabela,BR,-23.7781,-45.3581,79.95,87,100,1.86,overcast clouds
177,Seymchan,RU,62.8833,152.4333,-41.39,100,54,0.34,broken clouds
178,San Juan,AR,-31.5375,-68.5364,82.13,28,0,6.02,clear sky
179,Atambua,ID,-9.1061,124.8925,74.35,86,54,0.94,broken clouds
180,Arlit,NE,18.7369,7.3853,66.96,9,0,5.37,clear sky
181,Mount Gambier,AU,-37.8333,140.7667,58.91,72,0,6.91,clear sky
182,Salalah,OM,17.0151,54.0924,75.29,78,0,3.44,clear sky
183,La Romana,DO,18.4273,-68.9728,80.33,83,75,11.5,broken clouds
184,Honiara,SB,-9.4333,159.95,79.47,87,100,4.76,overcast clouds
185,Pacific Grove,US,36.6177,-121.9166,68.31,49,0,4.0,clear sky
186,Empalme,MX,27.9667,-110.8167,73.35,40,0,0.0,clear sky
187,Tshikapa,CD,-6.4167,20.8,71.8,88,100,0.72,light rain
188,Pemangkat,ID,1.1667,108.9667,76.75,91,98,5.61,overcast clouds
189,San Cristobal,VE,7.7669,-72.225,77.07,57,73,4.09,broken clouds
190,Santa Lucia,ES,27.9117,-15.5407,60.76,76,20,17.27,few clouds
191,Alyangula,AU,-13.8483,136.4192,75.07,100,86,0.0,overcast clouds
192,Victoria,HK,22.2855,114.1577,62.58,80,100,1.01,overcast clouds
193,Zhigansk,RU,66.7697,123.3711,-26.68,99,95,6.38,overcast clouds
194,Chabahar,IR,25.2919,60.643,71.01,68,0,10.2,clear sky
195,Yellowknife,CA,62.456,-114.3525,-3.59,96,100,12.66,light snow
196,Tiksi,RU,71.6872,128.8694,-15.3,99,100,4.25,overcast clouds
197,Castro,BR,-24.7911,-50.0119,74.17,78,47,5.86,light rain
198,Broken Hill,AU,-31.95,141.4333,69.51,43,40,10.36,scattered clouds
199,Vrangel,RU,42.7297,133.0839,13.44,66,3,11.48,clear sky
200,Aklavik,CA,68.2191,-135.0107,-18.4,69,100,17.27,overcast clouds
201,Saint-Joseph,RE,-21.3667,55.6167,79.16,78,99,10.49,overcast clouds
202,Manica,FR,49.0,-1.1667,51.21,87,100,20.92,overcast clouds
203,Ihosy,MG,-22.4,46.1167,68.99,91,100,7.99,overcast clouds
204,Bubaque,GW,11.2833,-15.8333,77.68,71,3,16.37,clear sky
205,Korla,CN,41.7597,86.1469,23.36,47,5,3.94,clear sky
206,Brae,GB,60.3964,-1.353,39.11,56,44,32.06,scattered clouds
207,Tuatapere,NZ,-46.1333,167.6833,48.81,72,3,2.84,clear sky
208,Watsa,CD,3.0372,29.5355,67.84,32,100,1.61,overcast clouds
209,Miri,MY,4.4148,114.0089,75.34,100,40,0.0,scattered clouds
210,Ahvaz,IR,31.3203,48.6693,57.15,47,0,9.22,clear sky
211,Lapy,PL,52.9911,22.8842,38.48,97,100,18.28,overcast clouds
212,Wembley,AU,-31.9333,115.8,66.22,57,40,18.41,scattered clouds
213,Lagoa,PT,39.05,-27.9833,60.24,85,32,12.62,scattered clouds
214,Marsh Harbour,BS,26.5412,-77.0636,74.86,71,73,13.62,broken clouds
215,Denpasar,ID,-8.65,115.2167,78.46,94,40,2.3,scattered clouds
216,Haysyn,UA,48.8114,29.3898,37.09,76,100,8.21,overcast clouds
217,Kogon,UZ,39.7228,64.5517,37.44,87,75,2.3,broken clouds
218,Billings,US,45.7833,-108.5007,48.16,36,20,11.5,few clouds
219,Saskylakh,RU,71.9167,114.0833,-24.97,100,95,2.08,overcast clouds
220,Oum Hadjer,TD,13.2954,19.6966,74.01,13,0,9.89,clear sky
221,Assen,NL,52.9967,6.5625,42.84,74,75,8.01,broken clouds
222,Pangai,TO,-19.8,-174.35,79.59,77,100,23.49,light rain
223,Tessalit,ML,20.1986,1.0114,69.48,10,0,7.05,clear sky
224,Bethanien,NA,-26.502,17.1583,69.55,71,100,14.34,moderate rain
225,Sumbe,AO,-11.2061,13.8437,75.47,79,28,10.02,scattered clouds
226,Rio Gallegos,AR,-51.6226,-69.2181,78.85,31,75,19.57,broken clouds
227,Elat,IL,29.5581,34.9482,57.04,41,0,6.91,clear sky
228,Yumen,CN,40.2833,97.2,12.24,89,16,13.4,few clouds
229,Freeport,US,40.6576,-73.5832,33.31,63,0,4.0,clear sky
230,Oranjemund,NA,-28.55,16.4333,66.83,72,46,5.12,scattered clouds
231,Kalpi,IN,26.1167,79.7333,53.13,63,0,4.41,clear sky
232,Jian,CN,27.1172,114.9793,41.85,94,100,10.45,overcast clouds
233,Laguna,US,38.421,-121.4238,67.84,56,0,1.99,clear sky
234,Faanui,PF,-16.4833,-151.75,81.28,74,100,22.37,overcast clouds
235,Kisangani,CD,0.5167,25.2,76.42,42,72,3.2,broken clouds
236,Gwadar,PK,25.1216,62.3254,71.6,80,0,8.79,clear sky
237,Revelstoke,CA,50.9832,-118.2023,33.82,93,100,0.0,overcast clouds
238,Steamboat Springs,US,40.485,-106.8317,29.7,67,0,0.0,clear sky
239,Kropotkin,RU,45.4375,40.5756,33.98,79,100,11.79,overcast clouds
240,Solec Kujawski,PL,53.0837,18.2257,41.38,59,100,8.01,overcast clouds
241,Pevek,RU,69.7008,170.3133,-24.29,99,27,0.78,scattered clouds
242,Alihe,CN,50.5667,123.7167,-7.87,97,86,2.91,overcast clouds
243,Bambous Virieux,MU,-20.3428,57.7575,79.21,89,40,9.22,light rain
244,Dawei,MM,14.0833,98.2,72.3,88,61,3.69,broken clouds
245,Nanortalik,GL,60.1432,-45.2371,15.66,67,100,20.38,overcast clouds
246,Norman Wells,CA,65.282,-126.8329,-14.76,70,75,16.11,broken clouds
247,Cardenas,CU,23.0375,-81.2047,83.16,62,3,15.12,clear sky
248,Edgewater,US,28.9889,-80.9023,72.01,82,100,9.22,overcast clouds
249,Loreto,MX,22.2667,-101.9667,70.54,20,3,17.58,clear sky
250,Dharchula,IN,29.85,80.5333,47.57,49,76,5.5,broken clouds
251,Saldanha,ZA,-33.0117,17.9442,68.05,96,38,9.33,scattered clouds
252,Bako,ET,5.7833,36.5667,70.74,33,94,3.22,overcast clouds
253,Inhambane,MZ,-23.865,35.3833,78.78,89,20,11.5,few clouds
254,Sechura,PE,-5.5569,-80.8222,81.63,56,49,15.95,scattered clouds
255,Varberg,SE,57.1056,12.2508,38.05,92,100,15.59,overcast clouds
256,Leningradskiy,RU,69.3833,178.4167,-22.86,98,28,6.69,scattered clouds
257,Kholtoson,RU,50.2981,103.3097,-4.38,94,19,4.05,few clouds
258,Saint George,US,37.1041,-113.5841,61.27,21,0,1.01,clear sky
259,Ahipara,NZ,-35.1667,173.1667,73.51,97,100,6.22,overcast clouds
260,Mahdasht,IR,35.7299,50.8111,43.02,52,40,13.8,scattered clouds
261,Copiapo,CL,-27.3667,-70.3333,73.09,31,0,11.01,clear sky
262,Przeworsk,PL,50.0591,22.4941,40.93,73,100,23.49,overcast clouds
263,Vila Franca Do Campo,PT,37.7167,-25.4333,63.19,86,70,12.97,broken clouds
264,Chapais,CA,49.7834,-74.8492,6.58,93,100,10.27,light snow
265,Paamiut,GL,61.994,-49.6678,5.88,78,100,11.21,overcast clouds
266,Thinadhoo,MV,0.5333,72.9333,82.53,68,82,11.14,broken clouds
267,Airai,TL,-8.9266,125.4092,60.55,89,86,1.52,overcast clouds
268,Nuuk,GL,64.1835,-51.7216,5.61,78,75,21.85,broken clouds
269,Saint-Francois,FR,46.4154,3.9054,47.64,76,100,12.66,overcast clouds
270,Tecoanapa,MX,16.5167,-98.75,84.99,52,54,11.5,broken clouds
271,Cabo San Lucas,MX,22.8909,-109.9124,76.6,63,1,5.01,clear sky
272,Koungou,YT,-12.7336,45.2042,80.31,89,0,2.3,clear sky
273,Nelipyno,UA,48.561,23.0315,37.26,94,100,6.76,overcast clouds
274,Shahrud,IR,36.4182,54.9763,30.16,67,20,4.52,few clouds
275,Amapa,BR,1.0,-52.0,72.57,99,100,3.49,overcast clouds
276,Verkhoyansk,RU,67.5447,133.385,-31.79,97,100,1.01,overcast clouds
277,Victor Harbor,AU,-35.5667,138.6167,78.8,62,0,8.01,clear sky
278,Crotone,IT,39.0851,17.1178,51.89,100,0,3.44,clear sky
279,Alofi,NU,-19.0595,-169.9187,75.09,94,100,11.5,overcast clouds
280,Esperance,AU,-33.8667,121.9,62.44,63,100,22.53,overcast clouds
281,Los Llanos De Aridane,ES,28.6585,-17.9182,63.12,69,40,15.99,scattered clouds
282,Nara,JP,34.6851,135.8049,36.68,62,38,2.82,scattered clouds
283,Ilo,PE,-17.6394,-71.3375,71.92,73,100,6.06,moderate rain
284,Mangan,IN,27.5167,88.5333,49.06,60,3,3.56,clear sky
285,Mehamn,NO,71.0357,27.8492,21.11,89,28,15.41,scattered clouds
286,Tsiroanomandidy,MG,-18.7667,46.0333,66.83,96,100,7.23,overcast clouds
287,Krasnyy Yar,RU,46.5331,48.3456,30.13,68,100,6.69,overcast clouds
288,Goderich,CA,43.7501,-81.7165,28.9,74,100,14.97,overcast clouds
289,Daru,PG,-9.0763,143.2092,78.03,87,100,6.31,overcast clouds
290,Arkhangelsk,RU,64.5401,40.5433,8.71,84,40,8.95,scattered clouds
291,Antofagasta,CL,-23.65,-70.4,74.21,59,0,7.31,clear sky
292,Terrace,CA,54.5163,-128.6035,42.42,87,75,21.85,broken clouds
293,Nome,US,64.5011,-165.4064,-0.33,55,0,5.75,clear sky
294,Puerto Rico,AR,-26.796,-55.024,89.15,23,0,7.14,clear sky
295,Baykit,RU,61.67,96.37,-3.73,100,100,2.35,overcast clouds
296,Dingle,PH,10.9995,122.6711,73.09,90,80,8.12,broken clouds
297,Mende,FR,44.6667,3.5,32.14,97,100,10.09,overcast clouds
298,Hammerfest,NO,70.6634,23.6821,31.73,74,0,14.97,clear sky
299,Haines Junction,CA,60.7522,-137.5108,40.95,38,100,12.66,overcast clouds
300,Koslan,RU,63.4564,48.8989,15.39,94,100,8.34,overcast clouds
301,Nosy Varika,MG,-20.5833,48.5333,78.57,92,100,10.45,light rain
302,Murgab,TM,37.4966,61.9714,40.87,70,100,11.5,light intensity shower rain
303,Naze,JP,28.3667,129.4833,51.98,62,100,7.07,overcast clouds
304,Ulladulla,AU,-35.35,150.4667,60.1,81,57,9.53,broken clouds
305,Weligama,LK,5.9667,80.4167,75.61,82,80,1.9,broken clouds
306,Dhidhdhoo,MV,6.8833,73.1,80.31,72,63,9.28,broken clouds
307,San Quintin,MX,30.4833,-115.95,64.83,29,0,6.08,clear sky
308,Katobu,ID,-4.9408,122.5276,75.04,94,31,4.7,scattered clouds
309,Great Yarmouth,GB,52.6083,1.7305,43.21,71,100,29.73,overcast clouds
310,Selvazzano Dentro,IT,45.3914,11.8005,46.65,90,100,7.0,overcast clouds
311,Clyde River,CA,70.4692,-68.5914,-28.97,68,0,6.91,haze
312,Tupelo,US,34.2576,-88.7034,51.78,34,0,4.61,clear sky
313,Ikirun,NG,7.9167,4.6667,79.75,20,0,2.44,clear sky
314,Bellary,IN,15.15,76.9333,72.3,68,93,4.32,overcast clouds
315,Saint-Augustin,CA,51.226,-58.6502,-3.32,73,5,11.36,clear sky
316,Te Anau,NZ,-45.4167,167.7167,46.24,76,12,0.36,few clouds
317,Kuching,MY,1.55,110.3333,75.42,100,40,2.3,heavy intensity rain
318,Moville,US,42.4889,-96.0725,33.69,55,39,20.6,scattered clouds
319,Ostrovnoy,RU,68.0531,39.5131,13.86,87,99,22.12,overcast clouds
320,Kaa-Khem,RU,51.6833,94.7333,-19.77,93,33,2.64,scattered clouds
321,Zverinogolovskoye,RU,54.4586,64.8542,3.58,87,63,6.58,broken clouds
322,Riberalta,BO,-10.9833,-66.1,89.8,58,75,9.22,broken clouds
323,Pitimbu,BR,-7.4706,-34.8086,86.59,65,12,11.72,few clouds
324,Amboasary,MG,-25.0333,46.3833,76.84,90,100,9.53,light rain
325,Port Lincoln,AU,-34.7333,135.8667,72.18,58,0,14.54,clear sky
326,Kuala Terengganu,MY,5.3302,103.1408,80.55,89,40,10.36,scattered clouds
327,Rajgarh,IN,28.6333,75.3833,57.52,59,55,10.2,broken clouds
328,Hilliard,US,40.0334,-83.1582,36.48,63,0,7.0,clear sky
329,Ilulissat,GL,69.2167,-51.1,1.42,60,100,5.75,overcast clouds
330,Samfya,ZM,-11.3649,29.5565,64.96,94,96,4.61,light rain
331,Vage,NO,60.0469,5.5178,35.46,96,98,15.12,overcast clouds
332,Ancud,CL,-41.8697,-73.8203,75.22,68,9,7.36,clear sky
333,Comodoro Rivadavia,AR,-45.8667,-67.5,76.86,33,0,12.66,clear sky
334,Sukhobuzimskoye,RU,56.5,93.2728,24.44,91,100,4.74,overcast clouds
335,Port Shepstone,ZA,-30.7414,30.455,73.26,86,41,12.62,light rain
336,Brunico,IT,46.7958,11.9364,37.58,86,78,0.67,broken clouds
337,Port Elizabeth,ZA,-33.918,25.5701,77.09,83,0,14.97,clear sky
338,Bayan,CN,46.0833,127.4,-10.89,100,94,3.15,overcast clouds
339,Moa,CU,20.6569,-74.9403,78.37,65,67,12.68,broken clouds
340,Lewiston,US,44.1003,-70.2148,23.72,54,0,10.36,clear sky
341,Svetlogorsk,BY,52.6333,29.7333,32.22,93,100,13.73,overcast clouds
342,Tagusao,PH,9.1924,117.8141,77.18,83,95,5.61,overcast clouds
343,Kodiak,US,57.79,-152.4072,36.91,70,0,10.36,clear sky
344,Ayacucho,PE,-13.1583,-74.2239,67.86,45,75,4.61,broken clouds
345,Aginskoye,RU,51.1,114.53,10.56,87,40,11.7,scattered clouds
346,Magadan,RU,59.5667,150.8,1.53,61,31,11.43,scattered clouds
347,Ruidoso,US,33.3317,-105.673,43.14,32,0,13.8,clear sky
348,Manjakandriana,MG,-18.9167,47.8,64.09,96,81,6.44,broken clouds
349,Pingzhuang,CN,42.0372,119.2889,11.32,73,1,2.15,clear sky
350,Gat,IL,31.61,34.7642,54.91,81,2,6.87,clear sky
351,Mehran,IR,33.1222,46.1646,47.68,41,59,9.42,broken clouds
352,Calvinia,ZA,-31.4707,19.776,78.6,29,1,3.71,clear sky
353,Cubuk,TR,40.2386,33.0322,29.66,86,0,3.44,clear sky
354,Tautira,PF,-17.7333,-149.15,82.42,75,68,21.0,light rain
355,Rancho Palos Verdes,US,33.7445,-118.387,81.36,35,0,0.0,clear sky
356,Ilesha,NG,7.1371,5.2583,75.72,43,0,2.84,clear sky
357,Portland,US,45.5234,-122.6762,60.6,78,40,4.0,scattered clouds
358,Tiarei,PF,-17.5333,-149.3333,82.42,75,42,21.99,light rain
359,Togur,RU,58.3631,82.8265,1.35,98,64,4.52,broken clouds
360,Kampot,KH,10.6167,104.1833,77.05,68,90,1.25,overcast clouds
361,Gao,ML,16.6362,1.637,69.51,10,0,11.07,clear sky
362,Kingaroy,AU,-26.5333,151.8333,59.04,88,20,5.75,few clouds
363,Visnes,NO,59.3556,5.2242,39.25,81,75,23.02,light rain
364,Bereda,ES,43.2686,-7.5406,49.75,98,78,2.86,broken clouds
365,Faya,SA,18.3851,42.4509,52.32,76,4,1.54,clear sky
366,Lodja,CD,-3.4833,23.4333,69.84,94,100,0.94,light rain
367,Sankt Veit,DE,49.1,10.95,42.93,93,100,22.82,light rain
368,Qena,EG,26.1615,32.7183,59.11,34,0,7.52,clear sky
369,Tomohon,ID,1.3346,124.8392,67.14,94,98,2.04,overcast clouds
370,Vao,NC,-22.6667,167.4833,80.04,84,79,1.16,broken clouds
371,Bagotville,AU,-28.9833,153.4167,64.22,97,87,14.36,overcast clouds
372,Karasburg,NA,-28.0167,18.75,77.38,39,60,10.09,broken clouds
373,Shimoda,JP,34.6667,138.95,34.11,78,54,7.72,broken clouds
374,Djenne,ML,13.9061,-4.5533,78.78,9,0,8.25,clear sky
375,Boa Vista,BR,2.8197,-60.6733,89.58,48,75,6.91,broken clouds
376,Beya,RU,53.0533,90.9139,1.36,83,82,4.7,broken clouds
377,Fairmont,US,39.4851,-80.1426,43.52,53,1,1.01,clear sky
378,Praia,CV,14.9215,-23.5087,73.94,68,0,17.27,clear sky
379,Loviisa,FI,60.4566,26.2251,34.45,97,100,10.0,overcast clouds
380,Yaizu,JP,34.8667,138.3333,34.11,69,20,4.61,few clouds
381,Belaya Gora,RU,68.5333,146.4167,-43.17,100,65,1.61,broken clouds
382,Capannori,IT,43.8747,10.5728,54.97,83,99,1.01,overcast clouds
383,Lebu,CL,-37.6167,-73.65,65.86,67,0,13.18,clear sky
384,Udachnyy,RU,66.4167,112.4,-17.55,82,99,2.73,overcast clouds
385,Samarai,PG,-10.6167,150.6667,81.64,77,100,9.89,light rain
386,Praia Da Vitoria,PT,38.7333,-27.0667,59.76,100,75,16.62,mist
387,Haverfordwest,GB,51.8017,-4.9691,45.99,76,33,7.0,scattered clouds
388,Viedma,AR,-40.8135,-62.9967,74.93,35,2,10.25,clear sky
389,Monte Alegre,BR,-2.0078,-54.0692,78.04,91,100,2.37,overcast clouds
390,Bueno Brandao,BR,-22.4408,-46.3508,69.87,87,100,3.6,moderate rain
391,Port-Gentil,GA,-0.7193,8.7815,80.56,83,20,8.05,few clouds
392,Kjopsvik,NO,68.097,16.3742,32.16,77,100,9.93,overcast clouds
393,Kitob,UZ,39.0843,66.8332,34.38,91,100,3.04,overcast clouds
394,Eureka,US,40.8021,-124.1637,63.19,73,7,3.0,clear sky
395,Hambantota,LK,6.1241,81.1185,74.79,74,95,9.64,overcast clouds
396,Terra Santa,BR,-2.1042,-56.4869,76.68,93,100,0.58,moderate rain
397,Beyneu,KZ,45.3167,55.2,28.38,80,36,5.86,scattered clouds
398,Walvis Bay,NA,-22.9575,14.5053,72.55,78,100,6.91,overcast clouds
399,Nichinan,JP,31.6,131.3667,34.75,63,92,4.43,overcast clouds
400,Larsnes,NO,62.2028,5.5773,39.67,70,79,18.86,broken clouds
401,Krasnomayskiy,RU,57.6194,34.4099,29.28,89,100,7.96,overcast clouds
402,Moctezuma,MX,29.8,-109.6667,68.04,24,0,3.98,clear sky
403,Marystown,CA,47.1666,-55.1483,20.86,100,100,17.2,overcast clouds
404,Dromolaxia,CY,34.8761,33.586,54.99,91,40,5.75,scattered clouds
405,Nacozari,MX,25.3366,-108.2574,74.97,34,23,11.45,few clouds
406,Emerald,AU,-23.5333,148.1667,69.94,83,75,6.91,broken clouds
407,Palmas,BR,-10.2128,-48.3603,82.27,69,75,4.61,broken clouds
408,Meliki,GR,40.5167,22.3953,50.07,67,6,2.77,clear sky
409,Road Town,VG,18.4167,-64.6167,75.29,94,40,12.66,scattered clouds
410,Bontang,ID,0.1333,117.5,76.41,89,100,9.08,overcast clouds
411,Ormond Beach,US,29.2858,-81.0559,65.16,90,100,6.91,mist
412,Vila Velha,BR,-20.3297,-40.2925,82.35,84,40,1.01,scattered clouds
413,Pochutla,MX,15.7432,-96.4661,88.83,41,0,10.16,clear sky
414,Bulgan,MN,48.8125,103.5347,-2.04,84,16,3.76,few clouds
415,Tilichiki,RU,60.4667,166.1,-13.54,84,9,10.16,clear sky
416,Price,US,39.5994,-110.8107,42.12,30,0,3.44,clear sky
417,Sorland,NO,67.667,12.6934,35.46,61,100,17.27,overcast clouds
418,Campo Maior,BR,-4.8278,-42.1686,84.9,66,96,4.09,overcast clouds
419,Agirish,RU,61.9247,63.0231,5.14,97,100,6.64,overcast clouds
420,Kwekwe,ZW,-18.9281,29.8149,62.78,74,1,8.66,clear sky
421,Sur,OM,22.5667,59.5289,70.79,70,0,4.97,clear sky
422,Maniwaki,CA,46.3834,-75.966,10.78,72,100,8.05,overcast clouds
423,Karratha,AU,-20.7377,116.8463,83.57,80,4,4.88,clear sky
424,Matagami,CA,49.7502,-77.6328,10.51,85,100,10.36,light snow
425,Raga,SS,8.4596,25.678,68.86,19,97,4.07,overcast clouds
426,Kuruman,ZA,-27.4524,23.4325,68.99,56,16,6.13,few clouds
427,Gizo,SB,-8.103,156.8419,82.71,79,100,13.24,light rain
428,Cumra,TR,37.5732,32.7745,26.74,88,5,2.04,clear sky
429,Labuhan,ID,-6.8844,112.2051,77.18,90,100,6.98,overcast clouds
430,Praya,CV,14.9215,-23.5087,73.94,68,0,17.27,clear sky
431,Nagapattinam,IN,10.7667,79.8333,75.94,72,69,11.61,broken clouds
432,Hargeysa,SO,9.56,44.065,61.47,93,100,14.67,overcast clouds
433,Bathsheba,BB,13.2167,-59.5167,83.01,65,40,18.41,scattered clouds
434,Limoux,FR,42.9167,2.1667,45.73,59,78,9.1,broken clouds
435,Saint Anthony,US,45.0205,-93.218,21.15,71,100,5.01,haze
436,Yagodnoye,RU,62.55,149.6667,-25.62,72,5,3.24,clear sky
437,Bardiyah,LY,31.7561,25.0865,58.64,58,14,6.13,few clouds
438,The Pas,CA,53.8251,-101.2541,-5.78,65,0,10.36,clear sky
439,Agnibilekrou,CI,7.1344,-3.2047,80.91,27,36,1.43,scattered clouds
440,Tongchuan,CN,35.0806,109.0897,22.8,89,100,4.72,overcast clouds
441,Luang Prabang,LA,19.8856,102.1347,61.81,99,37,1.63,scattered clouds
442,Zhezkazgan,KZ,47.8043,67.7144,27.61,96,100,13.09,snow
443,Limbang,MY,4.75,115.0,79.11,97,100,1.77,overcast clouds
444,Colombo,LK,6.9319,79.8478,76.95,77,98,9.33,overcast clouds
445,Korop,UA,51.5664,32.9586,30.4,91,99,11.97,overcast clouds
446,Kaseda,JP,31.4167,130.3167,34.84,68,100,6.02,overcast clouds
447,San Pedro,PH,14.35,121.0167,78.03,76,75,5.75,broken clouds
448,Fukue,JP,32.6881,128.8419,43.9,62,96,16.82,overcast clouds
449,Houma,US,29.5958,-90.7195,55.99,41,0,1.99,clear sky
450,Humaita,BR,-7.5061,-63.0208,85.64,79,98,1.59,moderate rain
451,Bonavista,CA,48.6499,-53.1147,16.12,61,100,25.79,overcast clouds
452,Santa Cruz,BO,-17.8,-63.1667,89.65,45,75,17.27,broken clouds
453,Cap Malheureux,MU,-19.9842,57.6142,79.47,81,79,3.0,broken clouds
454,Isla Mujeres,MX,21.2311,-86.731,77.16,81,33,9.17,scattered clouds
455,Richards Bay,ZA,-28.783,32.0377,71.69,92,31,3.09,light rain
456,Kalawit,PH,8.0667,122.5167,77.16,86,47,13.6,scattered clouds
457,Port Blair,IN,11.6667,92.75,77.04,88,40,3.44,mist
458,San Antonio,US,29.4241,-98.4936,60.58,37,0,10.36,clear sky
459,Awbari,LY,26.5921,12.7805,60.03,19,100,7.61,overcast clouds
460,Sobolevo,RU,54.4299,31.8996,30.11,96,100,14.65,snow
461,Okhotsk,RU,59.3833,143.3,-0.71,70,100,10.63,overcast clouds
462,Cabedelo,BR,-6.9811,-34.8339,86.67,65,14,11.43,few clouds
463,Hamina,FI,60.5697,27.1979,33.08,98,100,11.72,snow
464,Huarmey,PE,-10.0681,-78.1522,74.98,71,30,10.36,scattered clouds
465,Ramshir,IR,30.8946,49.4092,53.35,49,0,11.36,clear sky
466,Kidal,ML,18.4411,1.4078,68.5,11,0,10.36,clear sky
467,Ust-Omchug,RU,61.15,149.6333,-27.69,81,1,1.83,clear sky
468,Chenghai,CN,23.4632,116.768,55.31,76,100,4.47,light rain
469,Toamasina,MG,-18.1667,49.3833,80.6,83,20,6.91,few clouds
470,Olinda,BR,-8.0089,-34.8553,83.93,61,0,8.05,clear sky
471,Xining,CN,36.6167,101.7667,8.78,92,79,1.28,broken clouds
472,San Luis,AR,-33.295,-66.3356,79.34,14,0,6.91,clear sky
473,Tynda,RU,55.1667,124.7167,-21.19,100,49,1.61,scattered clouds
474,Zachary,US,30.6485,-91.1565,58.78,47,0,4.61,clear sky
475,Riyadh,SA,24.6877,46.7219,53.74,39,0,7.83,clear sky
476,Padang,ID,-0.9492,100.3543,76.53,76,100,4.52,overcast clouds
477,Coihaique,CL,-45.5752,-72.0662,82.35,34,20,6.91,few clouds
478,Araouane,ML,18.9048,-3.5265,69.8,9,0,8.57,clear sky
479,Nicosia,CY,35.1667,33.3667,53.64,87,40,0.0,scattered clouds
480,Moron,AR,-34.6534,-58.6198,72.97,56,98,10.87,overcast clouds
481,Bonfim,BR,3.0833,-59.95,90.19,47,98,1.12,overcast clouds
482,Nuevo Progreso,MX,23.1667,-97.95,70.59,34,19,5.01,few clouds
483,Hovd,MN,48.0056,91.6419,-14.08,74,13,3.2,few clouds
484,Srednekolymsk,RU,67.45,153.6833,-36.96,100,65,1.45,broken clouds
485,Alta Floresta,BR,-9.8756,-56.0861,87.62,66,75,4.61,broken clouds
486,Requena,ES,39.4883,-1.1004,46.99,77,71,1.81,broken clouds
487,Auki,SB,-8.7676,160.7034,79.21,87,100,7.58,overcast clouds
488,Eyrarbakki,IS,63.863,-21.1481,26.65,78,100,15.3,overcast clouds
489,Jinchang,CN,38.4953,102.1739,10.18,96,92,2.48,overcast clouds
490,Romny,UA,50.751,33.4747,28.33,93,98,10.13,overcast clouds
491,Obihiro,JP,42.9172,143.2044,8.08,89,19,3.15,few clouds
492,Salyan,AZ,39.5936,48.9805,40.89,78,56,7.85,broken clouds
493,Vredendal,ZA,-31.6683,18.5012,72.73,47,1,5.53,clear sky
494,Padilla,CO,3.2204,-76.3139,81.97,74,85,1.19,overcast clouds
495,Jaisalmer,IN,26.9147,70.9181,65.62,34,0,3.71,clear sky
496,Fez,MA,34.0372,-4.9998,57.31,62,40,3.44,scattered clouds
497,Nanpiao,CN,41.0982,120.7479,5.63,85,18,4.9,few clouds
498,Anyksciai,LT,55.5256,25.1026,33.67,98,100,13.44,overcast clouds
499,Tual,ID,-5.6667,132.75,82.89,76,100,5.79,overcast clouds
500,Campos Belos,BR,-13.0367,-46.7717,72.66,89,100,5.55,overcast clouds
501,Nicoya,CR,10.1483,-85.452,90.95,38,52,8.39,broken clouds
502,Pontianak,ID,-0.0333,109.3333,73.38,100,75,1.14,broken clouds
503,Rudnogorsk,RU,57.2639,103.7519,3.45,99,100,2.59,overcast clouds
504,Puerto Varas,CL,-41.3195,-72.9854,80.85,64,0,14.97,clear sky
505,Ailigandi,PA,9.2333,-78.0167,81.86,67,7,11.43,clear sky
506,Gorontalo,ID,0.5412,123.0595,73.54,94,99,3.6,overcast clouds
507,Pavlodar,KZ,52.3,76.95,-4.2,77,0,8.95,clear sky
508,Ejura,GH,7.3856,-1.3562,90.48,25,94,3.87,overcast clouds
509,Den Helder,NL,52.9599,4.7593,43.07,78,100,25.99,overcast clouds
510,Metro,ID,-5.1131,105.3067,72.95,97,100,3.38,moderate rain
511,Beringovskiy,RU,63.05,179.3167,-18.67,99,45,7.09,scattered clouds
512,Seto,JP,35.2333,137.1,35.98,88,5,4.65,clear sky
513,Madarounfa,NE,13.3087,7.156,70.9,13,0,10.65,clear sky
514,Isla Vista,US,34.4133,-119.861,81.07,28,0,4.5,clear sky
515,Mazara Del Vallo,IT,37.6641,12.588,57.0,76,94,12.35,overcast clouds
516,Mozarlandia,BR,-14.7447,-50.5706,82.63,75,99,3.09,overcast clouds
517,Fremont,US,37.5483,-121.9886,68.52,53,0,1.99,clear sky
518,Dibulla,CO,11.2725,-73.3091,86.02,70,24,10.87,few clouds
519,Clovis,US,36.8252,-119.7029,73.74,49,0,1.01,haze
520,Alekseyevsk,RU,57.8406,108.3492,4.46,99,100,3.85,overcast clouds
521,Kindu,CD,-2.95,25.95,73.42,83,100,0.25,overcast clouds
522,La Primavera,CO,5.4906,-70.4092,95.97,29,76,8.32,broken clouds
523,Hualmay,PE,-11.0964,-77.6139,74.53,69,70,9.57,broken clouds
524,Koygorodok,RU,60.445,50.9968,17.51,96,97,5.53,overcast clouds
525,Kastamonu,TR,41.5,33.6667,23.85,96,32,2.62,scattered clouds
526,Kirakira,SB,-10.4544,161.9205,81.52,85,99,8.5,overcast clouds
527,Ust-Nera,RU,64.5667,143.2,-24.79,80,3,2.75,clear sky
528,Miraflores,MX,19.2167,-98.8083,69.03,37,50,3.15,scattered clouds
529,Traverse City,US,44.7631,-85.6206,38.14,71,75,8.05,broken clouds
530,Lensk,RU,60.7253,114.9278,9.55,95,100,6.08,light snow
531,Okato,NZ,-39.2,173.8833,60.91,88,100,10.49,light rain
532,Itoman,JP,26.1247,127.6694,59.02,62,75,10.36,broken clouds
533,Myitkyina,MM,25.3833,97.4,51.26,88,0,2.93,clear sky
534,Flinders,AU,-34.5833,150.8552,66.79,87,89,4.0,light rain
535,La Quinta,US,33.6634,-116.31,79.41,8,0,3.0,clear sky
536,Talcahuano,CL,-36.7167,-73.1167,76.68,47,0,12.66,clear sky
537,Port Macquarie,AU,-31.4333,152.9167,62.89,94,40,10.36,scattered clouds
538,Meulaboh,ID,4.1363,96.1285,75.58,90,100,4.36,overcast clouds
539,Yulara,AU,-25.2406,130.9889,67.84,45,0,4.61,clear sky
540,Grindavik,IS,63.8424,-22.4338,27.07,80,100,8.05,overcast clouds
541,Shache,CN,38.4167,77.2406,27.05,56,97,4.63,overcast clouds
542,General Roca,AR,-39.0333,-67.5833,86.4,14,1,9.55,clear sky
543,Roma,US,43.2128,-75.4557,31.89,53,0,10.36,clear sky
544,Naumburg,DE,51.15,11.8167,43.95,69,100,12.24,overcast clouds
545,Anloga,GH,5.7947,0.8973,84.42,80,59,12.28,broken clouds
546,Klin,RU,56.3333,36.7333,21.51,95,100,5.66,overcast clouds
547,Orbetello,IT,42.4408,11.2196,51.8,100,71,5.75,broken clouds
548,Morondava,MG,-20.2833,44.2833,80.74,83,100,19.57,moderate rain
549,Arman,RU,59.7,150.1667,2.01,71,28,10.85,scattered clouds
550,Filadelfia,US,39.9523,-75.1638,38.17,46,20,1.99,few clouds
551,Sola,VU,-13.8833,167.55,82.08,78,100,15.77,overcast clouds
552,Marakkanam,IN,12.2,79.95,76.26,73,99,11.65,overcast clouds
553,Kermen,BG,42.5,26.25,35.42,93,0,4.61,clear sky
554,Kabinda,CD,-6.1333,24.4833,66.69,98,100,2.53,moderate rain
555,Abu Samrah,SY,35.3029,37.1841,48.76,90,100,6.38,overcast clouds
556,Sorong,ID,-0.8833,131.25,80.22,81,100,11.7,overcast clouds
557,Paveh,IR,35.0434,46.3565,30.4,94,94,1.66,overcast clouds
558,Saraland,US,30.8207,-88.0706,61.05,32,0,2.06,clear sky
559,Mananjary,MG,-21.2167,48.3333,77.9,91,100,11.72,light rain
560,Liwale,TZ,-9.7667,37.9333,73.15,80,100,4.5,overcast clouds
561,Dauphin,CA,51.1494,-100.0502,1.54,60,0,3.44,clear sky
562,Lata,PT,40.1629,-8.3327,52.81,65,12,3.67,few clouds
563,Igrim,RU,63.1906,64.4162,-9.44,100,74,3.85,broken clouds
564,Verkhnyaya Inta,RU,65.9811,60.3094,5.22,81,28,9.22,scattered clouds
565,Sabya,SA,17.1495,42.6254,78.42,68,17,8.08,few clouds
566,Venado,MX,22.9333,-101.0833,72.86,22,12,9.8,few clouds
